x,y_true,noise,y_observed,group,absolute_error,squared_error
0.0,52.0,-1.6038628505068948,50.39613714949311,low,1.6038628505068928,2.572376043236096
0.20202020202020202,51.90909090909091,-2.64871799125629,49.260372917834616,low,2.648717991256291,7.01570699720476
0.40404040404040403,51.81818181818182,-0.49672324419049707,51.32145857399132,low,0.4967232441904983,0.2467339813191334
0.6060606060606061,51.72727272727273,0.840890476131043,52.56816320340377,low,0.8408904761310438,0.7070967928478936
0.8080808080808081,51.63636363636363,2.2720930649792854,53.90845670134292,low,2.2720930649792876,5.162406895926973
1.0101010101010102,51.54545454545455,0.21941279864361637,47.0366148038473,low,4.508839741607247,20.329635815496903
1.2121212121212122,51.45454545454545,-1.105294641072465,50.34925081347299,low,1.1052946410724616,1.2216762435835016
1.4141414141414141,51.36363636363637,-1.5695607106885567,49.79407565294781,low,1.569560710688556,2.463520824537165
1.6161616161616161,51.27272727272727,1.4974915414691823,52.770218814196454,low,1.4974915414691807,2.242480916771743
1.8181818181818181,51.18181818181818,3.269566085917155,54.451384267735335,low,3.2695660859171554,10.690062390179627
2.0202020202020203,51.09090909090909,0.5455375516894435,51.636446642598536,low,0.5455375516894421,0.29761122030331066
2.2222222222222223,51.0,-2.4666573280615434,48.533342671938456,low,2.466657328061544,6.084398374079715
2.4242424242424243,50.90909090909091,-1.9165304108721775,48.99256049821873,low,1.916530410872177,3.673088815797876
2.6262626262626263,50.81818181818182,3.200038177998223,54.01821999618004,low,3.2000381779982234,10.24024434064619
2.8282828282828283,50.72727272727273,0.4057648810172168,51.133037608289946,low,0.40576488101721964,0.1646451386669184
3.0303030303030303,50.63636363636363,-3.4642696848791696,47.17209395148446,low,3.46426968487917,12.001164449572824
3.2323232323232323,50.54545454545455,-0.16739238563405162,50.378062159820495,low,0.16739238563405223,0.028020210768259255
3.4343434343434343,50.45454545454545,-2.326451946889497,48.128093507655954,low,2.326451946889499,5.412378661185939
3.6363636363636362,50.36363636363637,-1.258576188123109,49.10506017551326,low,1.258576188123108,1.5840140213104927
3.8383838383838382,50.27272727272727,-0.9760116465537149,49.29671562617356,low,0.9760116465537152,0.9525987342084943
4.040404040404041,50.18181818181818,-1.4266267432644872,48.755191438553695,low,1.4266267432644852,2.0352638645974315
4.242424242424242,50.09090909090909,1.106756940706579,51.197666031615675,low,1.1067569407065818,1.2249109258021922
4.444444444444445,50.0,-0.1261719438505783,49.87382805614942,low,0.12617194385057928,0.01591935941503373
4.646464646464646,49.90909090909091,-1.1788625160652095,48.7302283930257,low,1.1788625160652089,1.3897168317835948
4.848484848484849,49.81818181818182,0.8192756531142339,50.63745747129605,low,0.8192756531142322,0.6712125957857518
5.05050505050505,49.72727272727273,1.6597106141226479,47.0366148038473,low,2.6906579234254266,7.239640060892029
5.252525252525253,49.63636363636363,-3.286046742811354,46.35031689355228,low,3.286046742811351,10.798103195941088
5.454545454545454,49.54545454545455,-0.513460252730988,49.03199429272356,low,0.5134602527309866,0.2636414311345686
5.656565656565657,49.45454545454545,-1.961494712088025,47.49305074245743,low,1.961494712088026,3.847461505549288
5.858585858585858,49.36363636363637,-0.3463104497240641,49.0173259139123,low,0.346310449724065,0.11993092758808414
6.0606060606060606,49.27272727272727,-2.5788374935077174,46.69388977921955,low,2.57883749350772,6.65040281792118
6.262626262626262,49.18181818181818,0.0413807880751824,49.22319896989336,low,0.04138078807518042,0.0017123696217229939
6.4646464646464645,49.09090909090909,-0.07577148208813646,49.01513760882096,low,0.07577148208813611,0.005741317497832732
6.666666666666667,49.0,-0.608675501916978,48.39132449808302,low,0.6086755019169772,0.37048586663388405
6.8686868686868685,48.90909090909091,-2.0958530102404924,46.81323789885042,medium,2.0958530102404893,4.39259984053412
7.070707070707071,48.81818181818182,-0.7923806609461854,48.025801157235634,medium,0.7923806609461863,0.6278671118415151
7.2727272727272725,48.72727272727273,-2.182657803391418,46.54461492388131,medium,2.1826578033914146,4.763995086705435
7.474747474747475,48.63636363636363,-2.710417492409479,45.92594614395416,medium,2.7104174924094764,7.346362983159274
7.6767676767676765,48.54545454545455,0.4495714649197863,48.99502601037433,medium,0.44957146491978506,0.20211450207012152
7.878787878787879,48.45454545454545,-2.218699875782732,46.23584557876272,medium,2.2186998757827325,4.922629138798313
8.080808080808081,48.36363636363636,2.3405922023565866,50.70422856599295,medium,2.3405922023565893,5.478371857732469
8.282828282828282,48.27272727272727,1.4331753117476722,49.70590258447495,medium,1.433175311747675,2.0539914742030456
8.484848484848484,48.18181818181818,-3.9956333848994423,44.18618479691874,medium,3.995633384899442,15.965086146522971
8.686868686868687,48.09090909090909,0.544257738824976,48.63516682973407,medium,0.5442577388249745,0.29621648627087416
8.88888888888889,48.0,-2.2034332551620897,45.79656674483791,medium,2.203433255162089,4.8551181099542005
9.09090909090909,47.90909090909091,0.06611444031653839,47.975205349407446,medium,0.06611444031653946,0.004371119218369258
9.292929292929292,47.81818181818182,0.08726398513884322,47.90544580332066,medium,0.08726398513883993,0.007615003102311676
9.494949494949495,47.72727272727273,-3.9768595764622416,43.75041315081049,medium,3.976859576462239,15.815412090899418
9.696969696969697,47.63636363636363,-0.46684504753154005,47.16951858883209,medium,0.46684504753154243,0.21794429840472812
9.8989898989899,47.54545454545455,-0.511580062798782,47.03387448265576,medium,0.5115800627987852,0.261714160653209
10.1010101010101,47.45454545454545,1.9240010636861888,49.378546518231644,medium,1.924001063686191,3.7017800930655946
10.303030303030303,47.36363636363636,-2.3628936159124314,45.000742747723926,medium,2.3628936159124336,5.583266240119736
10.505050505050505,47.27272727272727,1.4760837956913682,48.74881106841864,medium,1.4760837956913662,2.178823371902631
10.707070707070708,47.18181818181818,-2.1979455260728127,44.983872655745365,medium,2.1979455260728145,4.830964535583501
10.909090909090908,47.09090909090909,-0.6625817853998335,46.42832730550926,medium,0.662581785399837,0.4390146223436357
11.11111111111111,47.0,-1.6809463368444222,45.31905366315558,medium,1.6809463368444213,2.8255805873506787
11.313131313131313,46.90909090909091,2.897462577843344,49.80655348693425,medium,2.897462577843342,8.395289390002585
11.515151515151516,46.81818181818182,1.1364261995765865,47.9546080177584,medium,1.136426199576583,1.2914645070840756
11.717171717171716,46.72727272727273,4.863465005690425,51.59073773296315,medium,4.863465005690422,23.653291861575337
11.919191919191919,46.63636363636364,1.283832758164641,47.92019639452828,medium,1.2838327581646425,1.6482265509366334
12.121212121212121,46.54545454545455,1.6899854674383508,48.235440012892894,medium,1.6899854674383477,2.8560508801528104
12.323232323232324,46.45454545454545,1.6813657525306802,48.135911207076134,medium,1.6813657525306809,2.8269907937830627
12.525252525252524,46.36363636363637,-1.2132230718191033,45.150413291817266,medium,1.213223071819101,1.4719102219941755
12.727272727272727,46.27272727272727,-0.14005689327676416,46.13267037945051,medium,0.14005689327676407,0.01961593335433888
12.929292929292929,46.18181818181818,2.700777735489252,48.882595917307434,medium,2.700777735489254,7.294200376514462
13.131313131313131,46.09090909090909,-0.7931015303459432,45.29780756056315,medium,0.7931015303459432,0.6290100374370771
13.333333333333334,46.0,0.37759906258219733,46.3775990625822,medium,0.377599062582199,0.14258105206295543
13.535353535353535,45.90909090909091,-0.04244692083457959,45.86664398825633,high,0.04244692083457835,0.0018017410883369616
13.737373737373737,45.81818181818182,1.2184329856654814,47.0366148038473,high,1.2184329856654799,1.4845789405576955
13.93939393939394,45.72727272727273,-0.7298174838947452,44.997455243377985,high,0.7298174838947418,0.5326335597984516
14.141414141414142,45.63636363636363,-0.30472377751369656,45.33163985884994,high,0.3047237775136935,0.09285658058221498
14.343434343434343,45.54545454545455,0.48476285734430086,46.03021740279885,high,0.48476285734430036,0.2349950278606105
14.545454545454545,45.45454545454545,0.20604627697361538,45.66059173151907,high,0.20604627697361622,0.042455068254688165
14.747474747474747,45.36363636363636,-1.7299454925636402,43.63369087107272,high,1.7299454925636368,2.992711407241244
14.94949494949495,45.27272727272727,1.7915660863788876,47.06429335910616,high,1.7915660863788858,3.2097090418629572
15.15151515151515,45.18181818181818,-2.596962416493824,47.0366148038473,high,1.85479662202912,3.4402705090906345
15.353535353535353,45.09090909090909,-2.402231097607053,42.68867799330204,high,2.40223109760705,5.770714246310372
15.555555555555555,45.0,-2.564983589480924,42.435016410519076,high,2.5649835894809243,6.579140814306447
15.757575757575758,44.90909090909091,1.9339445578664296,46.84303546695734,high,1.9339445578664325,3.740141552901191
15.959595959595958,44.81818181818182,-0.72121673779854,44.09696508038328,high,0.7212167377985423,0.5201535828807714
16.161616161616163,44.72727272727273,-1.942072757042131,42.78519997023059,high,1.9420727570421334,3.7716465936452335
16.363636363636363,44.63636363636364,-2.2720427883792933,42.364320847984345,high,2.272042788379295,5.162178432226362
16.565656565656564,44.54545454545455,0.8422622749248123,45.38771682037936,high,0.8422622749248134,0.709405739761522
16.767676767676768,44.45454545454545,-2.10968132515567,42.344864129389784,high,2.1096813251556696,4.450755293710582
16.96969696969697,44.36363636363637,-2.5441564201952844,41.81947994344108,high,2.5441564201952858,6.472731890420891
17.171717171717173,44.27272727272727,1.2279861249377217,45.500713397664995,high,1.227986124937722,1.5079499230395625
17.373737373737374,44.18181818181818,-2.393415454385141,41.78840272743304,high,2.393415454385142,5.7284375372896355
17.575757575757574,44.09090909090909,-0.6448763015027945,43.446032789406296,high,0.6448763015027978,0.41586544423992744
17.77777777777778,44.0,-0.01352308069304357,43.98647691930696,high,0.013523080693040868,0.00018287371143049468
17.97979797979798,43.90909090909091,-0.8906707338596246,43.018420175231284,high,0.890670733859622,0.7932943561540376
18.18181818181818,43.81818181818182,-0.10818792319089655,43.70999389499092,high,0.1081879231908971,0.01170462672435945
18.383838383838384,43.72727272727273,2.677546998109543,46.40481972538227,high,2.677546998109541,7.1692579270854155
18.585858585858585,43.63636363636364,-1.03378830517855,42.60257533118509,high,1.0337883051785468,1.0687182599239322
18.78787878787879,43.54545454545455,-2.5186143177564553,41.02684022769809,high,2.518614317756459,6.343418081607832
18.98989898989899,43.45454545454545,-3.673491410387359,39.7810540441581,high,3.6734914103873564,13.494539142189689
19.19191919191919,43.36363636363636,-0.4095322336677341,42.95410412996863,high,0.4095322336677327,0.16771665041288245
19.393939393939394,43.27272727272727,-0.704514020822461,42.568213251904815,high,0.7045140208224581,0.4963400055354269
19.595959595959595,43.18181818181818,0.530181813860647,43.71199999567882,high,0.5301818138606436,0.2810927557485621
19.7979797979798,43.09090909090909,-0.9284891832749632,42.16241990763413,high,0.9284891832749622,0.8620921634586064
20.0,43.0,-0.957276926105449,42.04272307389455,high,0.9572769261054503,0.9163791132538999
